<ImportExportXml xmlns:xsi="http://www.w3.org/2001/XMLSchema-instance">
  <Entities>
    <Entity>
      <Name LocalizedName="Contact" OriginalName="">Contact</Name>
      <EntityInfo>
        <entity Name="Contact">
          <LocalizedNames>
            <LocalizedName description="Contact" languagecode="1033" />
          </LocalizedNames>
          <LocalizedCollectionNames>
            <LocalizedCollectionName description="Contacts" languagecode="1033" />
          </LocalizedCollectionNames>
          <Descriptions>
            <Description description="Person with whom a business unit has a relationship, such as customer, supplier, and colleague." languagecode="1033" />
          </Descriptions>
          <attributes />
          <EntitySetName>contacts</EntitySetName>
          <IsDuplicateCheckSupported>1</IsDuplicateCheckSupported>
          <IsBusinessProcessEnabled>1</IsBusinessProcessEnabled>
          <IsRequiredOffline>0</IsRequiredOffline>
          <IsInteractionCentricEnabled>1</IsInteractionCentricEnabled>
          <IsCollaboration>0</IsCollaboration>
          <AutoRouteToOwnerQueue>0</AutoRouteToOwnerQueue>
          <IsConnectionsEnabled>1</IsConnectionsEnabled>
          <EntityColor>#005088</EntityColor>
          <IsDocumentManagementEnabled>0</IsDocumentManagementEnabled>
          <AutoCreateAccessTeams>0</AutoCreateAccessTeams>
          <IsOneNoteIntegrationEnabled>0</IsOneNoteIntegrationEnabled>
          <IsKnowledgeManagementEnabled>0</IsKnowledgeManagementEnabled>
          <IsSLAEnabled>0</IsSLAEnabled>
          <IsDocumentRecommendationsEnabled>0</IsDocumentRecommendationsEnabled>
          <IsBPFEntity>0</IsBPFEntity>
          <OwnershipTypeMask>UserOwned</OwnershipTypeMask>
          <EntityMask>ActivityPointer</EntityMask>
          <IsAuditEnabled>0</IsAuditEnabled>
          <IsRetrieveAuditEnabled>0</IsRetrieveAuditEnabled>
          <IsRetrieveMultipleAuditEnabled>0</IsRetrieveMultipleAuditEnabled>
          <IsActivity>0</IsActivity>
          <ActivityTypeMask></ActivityTypeMask>
          <IsActivityParty>1</IsActivityParty>
          <IsReplicated>1</IsReplicated>
          <IsReplicationUserFiltered>1</IsReplicationUserFiltered>
          <IsMailMergeEnabled>1</IsMailMergeEnabled>
          <IsVisibleInMobile>1</IsVisibleInMobile>
          <IsVisibleInMobileClient>1</IsVisibleInMobileClient>
          <IsReadOnlyInMobileClient>0</IsReadOnlyInMobileClient>
          <IsOfflineInMobileClient>1</IsOfflineInMobileClient>
          <DaysSinceRecordLastModified>10</DaysSinceRecordLastModified>
          <MobileOfflineFilters>
		&lt;fetch version="1.0" output-format="xml-platform" mapping="logical" distinct="false"&gt;
			&lt;entity name="contact"&gt;
				&lt;filter type="and"&gt;
					&lt;condition attribute="modifiedon" operator="last-x-days" value="10"/&gt;
				&lt;/filter&gt;
			&lt;/entity&gt;
		&lt;/fetch&gt;
		</MobileOfflineFilters>
          <IsMapiGridEnabled>1</IsMapiGridEnabled>
          <IsReadingPaneEnabled>1</IsReadingPaneEnabled>
          <IsQuickCreateEnabled>1</IsQuickCreateEnabled>
          <SyncToExternalSearchIndex>1</SyncToExternalSearchIndex>
          <IntroducedVersion>5.0.0.0</IntroducedVersion>
          <EnforceStateTransitions>0</EnforceStateTransitions>
          <EntityHelpUrlEnabled>0</EntityHelpUrlEnabled>
          <EntityHelpUrl></EntityHelpUrl>
          <ChangeTrackingEnabled>1</ChangeTrackingEnabled>
          <IsEnabledForExternalChannels>1</IsEnabledForExternalChannels>
          <IsSolutionAware>0</IsSolutionAware>
          <HasRelatedNotes>True</HasRelatedNotes>
          <HasRelatedFeedback>True</HasRelatedFeedback>
          <HasRelatedActivities>True</HasRelatedActivities>
        </entity>
      </EntityInfo>
      <RibbonDiffXml>
        <CustomActions />
        <Templates>
          <RibbonTemplates Id="Mscrm.Templates"></RibbonTemplates>
        </Templates>
        <CommandDefinitions />
        <RuleDefinitions>
          <TabDisplayRules />
          <DisplayRules />
          <EnableRules />
        </RuleDefinitions>
        <LocLabels />
      </RibbonDiffXml>
      <CustomControlDefaultConfigs>
        <CustomControlDefaultConfig>
          <ControlDescriptionXML><controlDescriptions><controlDescription><customControl id="{E7A81278-8635-4d9e-8D4D-59480B391C5B}" formFactor="0"><parameters /></customControl><customControl id="{E7A81278-8635-4d9e-8D4D-59480B391C5B}" formFactor="1"><parameters /></customControl><customControl id="{E7A81278-8635-4d9e-8D4D-59480B391C5B}" formFactor="2"><parameters /></customControl><customControl name="MscrmControls.Grid.GridControl" formFactor="-1"><parameters><data-set name="Grid"><columnsDefaultView><cell entityName="contact" viewId="{7BD1B94D-D85E-EE11-BE6F-000D3A3140C3}" attributeName="mshack_hackteamid"><DefaultViewId>{590806DE-E232-469B-A9E8-7BB084790F1C}</DefaultViewId><DependentAttributeType>systemuser</DependentAttributeType><AllowFilterOff>false</AllowFilterOff><DisableQuickFind>false</DisableQuickFind></cell></columnsDefaultView></data-set><EnableGroupBy static="true" type="Enum">yes</EnableGroupBy><EnableEditing static="true" type="Enum">yes</EnableEditing><ReflowBehavior static="true" type="Enum">GridOnly</ReflowBehavior><ListLayoutDirection static="true" type="Enum">Vertical</ListLayoutDirection><EnableSubGridAutoCollapse static="true" type="Enum">false</EnableSubGridAutoCollapse><EnableFiltering static="true" type="Enum">yes</EnableFiltering><HideNestedGridColumnHeader static="true" type="Enum">no</HideNestedGridColumnHeader><EnableJumpBar static="true" type="Enum">yes</EnableJumpBar></parameters></customControl></controlDescription></controlDescriptions></ControlDescriptionXML>
          <IntroducedVersion>5.0</IntroducedVersion>
        </CustomControlDefaultConfig>
      </CustomControlDefaultConfigs>
    </Entity>
    <Entity>
      <Name LocalizedName="Use Case" OriginalName="Use Case">mshack_UseCase</Name>
      <EntityInfo>
        <entity Name="mshack_UseCase">
          <LocalizedNames>
            <LocalizedName description="Use Case" languagecode="1033" />
          </LocalizedNames>
          <LocalizedCollectionNames>
            <LocalizedCollectionName description="Use Cases" languagecode="1033" />
          </LocalizedCollectionNames>
          <Descriptions>
            <Description description="" languagecode="1033" />
          </Descriptions>
          <attributes />
          <EntitySetName>mshack_usecases</EntitySetName>
          <IsDuplicateCheckSupported>1</IsDuplicateCheckSupported>
          <IsBusinessProcessEnabled>0</IsBusinessProcessEnabled>
          <IsRequiredOffline>0</IsRequiredOffline>
          <IsInteractionCentricEnabled>0</IsInteractionCentricEnabled>
          <IsCollaboration>0</IsCollaboration>
          <AutoRouteToOwnerQueue>0</AutoRouteToOwnerQueue>
          <IsConnectionsEnabled>0</IsConnectionsEnabled>
          <IsDocumentManagementEnabled>0</IsDocumentManagementEnabled>
          <AutoCreateAccessTeams>0</AutoCreateAccessTeams>
          <IsOneNoteIntegrationEnabled>0</IsOneNoteIntegrationEnabled>
          <IsKnowledgeManagementEnabled>0</IsKnowledgeManagementEnabled>
          <IsSLAEnabled>0</IsSLAEnabled>
          <IsDocumentRecommendationsEnabled>0</IsDocumentRecommendationsEnabled>
          <IsBPFEntity>0</IsBPFEntity>
          <OwnershipTypeMask>UserOwned</OwnershipTypeMask>
          <IsAuditEnabled>0</IsAuditEnabled>
          <IsRetrieveAuditEnabled>0</IsRetrieveAuditEnabled>
          <IsRetrieveMultipleAuditEnabled>0</IsRetrieveMultipleAuditEnabled>
          <IsActivity>0</IsActivity>
          <ActivityTypeMask></ActivityTypeMask>
          <IsActivityParty>0</IsActivityParty>
          <IsReplicated>0</IsReplicated>
          <IsReplicationUserFiltered>0</IsReplicationUserFiltered>
          <IsMailMergeEnabled>1</IsMailMergeEnabled>
          <IsVisibleInMobile>0</IsVisibleInMobile>
          <IsVisibleInMobileClient>0</IsVisibleInMobileClient>
          <IsReadOnlyInMobileClient>0</IsReadOnlyInMobileClient>
          <IsOfflineInMobileClient>0</IsOfflineInMobileClient>
          <DaysSinceRecordLastModified>0</DaysSinceRecordLastModified>
          <MobileOfflineFilters></MobileOfflineFilters>
          <IsMapiGridEnabled>1</IsMapiGridEnabled>
          <IsReadingPaneEnabled>1</IsReadingPaneEnabled>
          <IsQuickCreateEnabled>0</IsQuickCreateEnabled>
          <SyncToExternalSearchIndex>0</SyncToExternalSearchIndex>
          <IntroducedVersion>1.0</IntroducedVersion>
          <IsCustomizable>1</IsCustomizable>
          <IsRenameable>1</IsRenameable>
          <IsMappable>1</IsMappable>
          <CanModifyAuditSettings>1</CanModifyAuditSettings>
          <CanModifyMobileVisibility>1</CanModifyMobileVisibility>
          <CanModifyMobileClientVisibility>1</CanModifyMobileClientVisibility>
          <CanModifyMobileClientReadOnly>1</CanModifyMobileClientReadOnly>
          <CanModifyMobileClientOffline>1</CanModifyMobileClientOffline>
          <CanModifyConnectionSettings>1</CanModifyConnectionSettings>
          <CanModifyDuplicateDetectionSettings>1</CanModifyDuplicateDetectionSettings>
          <CanModifyMailMergeSettings>1</CanModifyMailMergeSettings>
          <CanModifyQueueSettings>1</CanModifyQueueSettings>
          <CanCreateAttributes>1</CanCreateAttributes>
          <CanCreateForms>1</CanCreateForms>
          <CanCreateCharts>1</CanCreateCharts>
          <CanCreateViews>1</CanCreateViews>
          <CanModifyAdditionalSettings>1</CanModifyAdditionalSettings>
          <CanEnableSyncToExternalSearchIndex>1</CanEnableSyncToExternalSearchIndex>
          <EnforceStateTransitions>0</EnforceStateTransitions>
          <CanChangeHierarchicalRelationship>1</CanChangeHierarchicalRelationship>
          <EntityHelpUrlEnabled>0</EntityHelpUrlEnabled>
          <ChangeTrackingEnabled>0</ChangeTrackingEnabled>
          <CanChangeTrackingBeEnabled>1</CanChangeTrackingBeEnabled>
          <IsEnabledForExternalChannels>0</IsEnabledForExternalChannels>
          <IsSolutionAware>0</IsSolutionAware>
        </entity>
      </EntityInfo>
      <RibbonDiffXml>
        <CustomActions />
        <Templates>
          <RibbonTemplates Id="Mscrm.Templates"></RibbonTemplates>
        </Templates>
        <CommandDefinitions />
        <RuleDefinitions>
          <TabDisplayRules />
          <DisplayRules />
          <EnableRules />
        </RuleDefinitions>
        <LocLabels />
      </RibbonDiffXml>
    </Entity>
  </Entities>
  <Roles></Roles>
  <Workflows></Workflows>
  <FieldSecurityProfiles></FieldSecurityProfiles>
  <Templates />
  <EntityMaps />
  <EntityRelationships />
  <OrganizationSettings />
  <optionsets />
  <WebResources>
    <WebResource>
      <WebResourceId>{692d44ca-e07d-ee11-8179-000d3a1ba68c}</WebResourceId>
      <Name>mshack_createHackTeam.js</Name>
      <DisplayName>createHackTeam.js</DisplayName>
      <LanguageCode>0</LanguageCode>
      <WebResourceType>3</WebResourceType>
      <IntroducedVersion>1.0.0.6</IntroducedVersion>
      <IsEnabledForMobileClient>0</IsEnabledForMobileClient>
      <IsAvailableForMobileOffline>0</IsAvailableForMobileOffline>
      <IsCustomizable>1</IsCustomizable>
      <CanBeDeleted>1</CanBeDeleted>
      <IsHidden>0</IsHidden>
      <FileName>/WebResources/mshack_createHackTeamjs692D44CA-E07D-EE11-8179-000D3A1BA68C</FileName>
    </WebResource>
  </WebResources>
  <CustomControls />
  <AppModules>
    <AppModule>
      <UniqueName>mshack_HackTracker</UniqueName>
      <IntroducedVersion>1.0.0.0</IntroducedVersion>
      <WebResourceId>953b9fac-1e5e-e611-80d6-00155ded156f</WebResourceId>
      <OptimizedFor></OptimizedFor>
      <statecode>0</statecode>
      <statuscode>1</statuscode>
      <FormFactor>1</FormFactor>
      <ClientType>4</ClientType>
      <NavigationType>0</NavigationType>
      <AppModuleComponents>
        <AppModuleComponent type="1" schemaName="account" />
        <AppModuleComponent type="26" id="{00000000-0000-0000-00aa-000010001031}" />
        <AppModuleComponent type="26" id="{00000000-0000-0000-00aa-000000666000}" />
        <AppModuleComponent type="26" id="{00000000-0000-0000-00aa-000010001200}" />
        <AppModuleComponent type="26" id="{2d1187c4-23fe-4bb5-9647-43bb1c6ddbd1}" />
        <AppModuleComponent type="26" id="{a9af0ab8-861d-4cfa-92a5-c6281fed7fab}" />
        <AppModuleComponent type="26" id="{e88a59cf-da5e-ee11-be6f-000d3a3140c3}" />
        <AppModuleComponent type="60" id="{dccd6aa0-ca5e-ee11-be6f-000d3a3140c3}" />
        <AppModuleComponent type="60" id="{83c78fb7-db5e-ee11-be6f-000d3a314c24}" />
        <AppModuleComponent type="1" schemaName="mshack_activityattendance" />
        <AppModuleComponent type="1" schemaName="contact" />
        <AppModuleComponent type="26" id="{00000000-0000-0000-00aa-000000666400}" />
        <AppModuleComponent type="26" id="{00000000-0000-0000-00aa-000010001210}" />
        <AppModuleComponent type="26" id="{8df19b44-a073-40c3-9d6d-ee1355d8c4ba}" />
        <AppModuleComponent type="26" id="{a2d479c5-53e3-4c69-addd-802327e67a0d}" />
        <AppModuleComponent type="26" id="{00000000-0000-0000-00aa-000010001033}" />
        <AppModuleComponent type="26" id="{7bd1b94d-d85e-ee11-be6f-000d3a3140c3}" />
        <AppModuleComponent type="26" id="{e11787b3-e77d-ee11-8179-000d3a190bdf}" />
        <AppModuleComponent type="26" id="{80eb7357-e77d-ee11-8179-000d3a190bdf}" />
        <AppModuleComponent type="60" id="{df30b480-c95e-ee11-be6f-000d3a3140c3}" />
        <AppModuleComponent type="1" schemaName="mshack_hackactivities" />
        <AppModuleComponent type="1" schemaName="mshack_hackteam" />
        <AppModuleComponent type="1" schemaName="mshack_usecase" />
        <AppModuleComponent type="1" schemaName="mshack_coach" />
        <AppModuleComponent type="62" schemaName="mshack_HackTracker" />
      </AppModuleComponents>
      <AppModuleRoleMaps>
        <Role id="{27b51010-e85e-ee11-be6f-000d3a314c24}" />
        <Role id="{627090ff-40a3-4053-8790-584edc5be201}" />
        <Role id="{119f245c-3cc8-4b62-b31c-d1a046ced15d}" />
      </AppModuleRoleMaps>
      <LocalizedNames>
        <LocalizedName description="Hack Tracker" languagecode="1033" />
      </LocalizedNames>
      <Descriptions>
        <Description description="Hack Tracker enables business users to quickly track and manage hack event participation and associated contacts." languagecode="1033" />
      </Descriptions>
      <appelements>
        <appelement uniquename="mshack_mshack_HackTracker_canvasappid_mshack_accountlookup_256cb">
          <canvasappid>
            <name>mshack_accountlookup_256cb</name>
          </canvasappid>
          <iscustomizable>1</iscustomizable>
          <name>mshack_mshack_HackTracker_canvasappid_mshack_accountlookup_256cb</name>
        </appelement>
        <appelement uniquename="mshack_mshack_HackTracker_canvasappid_mshack_hacktrackerdefaultcommandlibrary_1bde3">
          <canvasappid>
            <name>mshack_hacktrackerdefaultcommandlibrary_1bde3</name>
          </canvasappid>
          <iscustomizable>1</iscustomizable>
          <name>mshack_mshack_HackTracker_canvasappid_mshack_hacktrackerdefaultcommandlibrary_1bde3</name>
        </appelement>
        <appelement uniquename="mshack_mshack_HackTracker_canvasappid_mshack_opportunitylookup_f5faf">
          <canvasappid>
            <name>mshack_opportunitylookup_f5faf</name>
          </canvasappid>
          <iscustomizable>1</iscustomizable>
          <name>mshack_mshack_HackTracker_canvasappid_mshack_opportunitylookup_f5faf</name>
        </appelement>
      </appelements>
    </AppModule>
  </AppModules>
  <EntityDataProviders />
  <CanvasApps>
    <CanvasApp>
      <Name>mshack_accountlookup_256cb</Name>
      <AppVersion>2023-11-09T13:47:58Z</AppVersion>
      <Status>Ready</Status>
      <CreatedByClientVersion>3.23102.20.0</CreatedByClientVersion>
      <MinClientVersion>3.23102.20.0</MinClientVersion>
      <Tags>{"primaryDeviceWidth":"2026","primaryDeviceHeight":"923","supportsPortrait":"true","supportsLandscape":"true","primaryFormFactor":"Tablet","showStatusBar":"false","publisherVersion":"3.23102.20","minimumRequiredApiVersion":"2.2.0","hasComponent":"false","hasUnlockedComponent":"false","isUnifiedRootApp":"false","sienaVersion":"20231107T144548Z-3.23102.20.0"}</Tags>
      <IsCdsUpgraded>0</IsCdsUpgraded>
      <GalleryItemId xsi:nil="true"></GalleryItemId>
      <BackgroundColor>RGBA(0,176,240,1)</BackgroundColor>
      <DisplayName>Account Lookup</DisplayName>
      <Description></Description>
      <CommitMessage></CommitMessage>
      <Publisher></Publisher>
      <AuthorizationReferences>[{"resourceId":"https://microsoftsales.crm.dynamics.com/"}]</AuthorizationReferences>
      <ConnectionReferences>{}</ConnectionReferences>
      <DatabaseReferences>{"default.cds":{"databaseDetails":{"referenceType":"Environmental","environmentName":"default.cds","overrideValues":{"status":"NotSpecified","environmentVariableName":""}},"dataSources":{"Accounts":{"entitySetName":"accounts","logicalName":"account"},"Contacts":{"entitySetName":"contacts","logicalName":"contact"}}},"144ba8c6-2f7f-4d20-b1be-2347aa1128a9":{"databaseDetails":{"referenceType":"External","environmentName":"144ba8c6-2f7f-4d20-b1be-2347aa1128a9","overrideValues":{"status":"NotSpecified","environmentVariableName":""}},"dataSources":{"Accounts_1":{"entitySetName":"accounts","logicalName":"account"},"Users":{"entitySetName":"systemusers","logicalName":"systemuser"},"Territories":{"entitySetName":"territories","logicalName":"territory"}}}}</DatabaseReferences>
      <CanConsumeAppPass>1</CanConsumeAppPass>
      <CanvasAppType>2</CanvasAppType>
      <BypassConsent>0</BypassConsent>
      <EmbeddedApp xsi:nil="true"></EmbeddedApp>
      <IntroducedVersion>1.0</IntroducedVersion>
      <CdsDependencies>{"cdsdependencies":[{"componenttype":1,"logicalname":"account"},{"componenttype":1,"logicalname":"contact"}]}</CdsDependencies>
      <IsCustomizable>1</IsCustomizable>
      <BackgroundImageUri>/CanvasApps/mshack_accountlookup_256cb_BackgroundImageUri</BackgroundImageUri>
      <DocumentUri>/CanvasApps/mshack_accountlookup_256cb_DocumentUri.msapp</DocumentUri>
    </CanvasApp>
    <CanvasApp>
      <Name>mshack_opportunitylookup_f5faf</Name>
      <AppVersion>2023-11-09T13:47:57Z</AppVersion>
      <Status>Ready</Status>
      <CreatedByClientVersion>3.23102.20.0</CreatedByClientVersion>
      <MinClientVersion>3.23102.20.0</MinClientVersion>
      <Tags>{"primaryDeviceWidth":"1560","primaryDeviceHeight":"835","supportsPortrait":"true","supportsLandscape":"true","primaryFormFactor":"Tablet","showStatusBar":"false","publisherVersion":"3.23102.20","minimumRequiredApiVersion":"2.2.0","hasComponent":"false","hasUnlockedComponent":"false","isUnifiedRootApp":"false","sienaVersion":"20231107T220418Z-3.23102.20.0"}</Tags>
      <IsCdsUpgraded>0</IsCdsUpgraded>
      <GalleryItemId xsi:nil="true"></GalleryItemId>
      <BackgroundColor>RGBA(0,176,240,1)</BackgroundColor>
      <DisplayName>Opportunity Lookup</DisplayName>
      <Description></Description>
      <CommitMessage></CommitMessage>
      <Publisher></Publisher>
      <AuthorizationReferences>[{"resourceId":"https://microsoftsales.crm.dynamics.com/"}]</AuthorizationReferences>
      <ConnectionReferences>{}</ConnectionReferences>
      <DatabaseReferences>{"default.cds":{"databaseDetails":{"referenceType":"Environmental","environmentName":"default.cds","overrideValues":{"status":"NotSpecified","environmentVariableName":""}},"dataSources":{"Accounts":{"entitySetName":"accounts","logicalName":"account"},"Hack Teams":{"entitySetName":"mshack_hackteams","logicalName":"mshack_hackteam"},"Use Cases":{"entitySetName":"mshack_usecases","logicalName":"mshack_usecase"}}},"144ba8c6-2f7f-4d20-b1be-2347aa1128a9":{"databaseDetails":{"referenceType":"External","environmentName":"144ba8c6-2f7f-4d20-b1be-2347aa1128a9","overrideValues":{"status":"NotSpecified","environmentVariableName":""}},"dataSources":{"Users":{"entitySetName":"systemusers","logicalName":"systemuser"},"Opportunities":{"entitySetName":"opportunities","logicalName":"opportunity"},"Accounts_1":{"entitySetName":"accounts","logicalName":"account"}}}}</DatabaseReferences>
      <CanConsumeAppPass>1</CanConsumeAppPass>
      <CanvasAppType>2</CanvasAppType>
      <BypassConsent>0</BypassConsent>
      <EmbeddedApp xsi:nil="true"></EmbeddedApp>
      <IntroducedVersion>1.0</IntroducedVersion>
      <CdsDependencies>{"cdsdependencies":[{"componenttype":1,"logicalname":"account"},{"componenttype":1,"logicalname":"mshack_hackteam"},{"componenttype":1,"logicalname":"mshack_usecase"}]}</CdsDependencies>
      <IsCustomizable>1</IsCustomizable>
      <BackgroundImageUri>/CanvasApps/mshack_opportunitylookup_f5faf_BackgroundImageUri</BackgroundImageUri>
      <DocumentUri>/CanvasApps/mshack_opportunitylookup_f5faf_DocumentUri.msapp</DocumentUri>
    </CanvasApp>
    <CanvasApp>
      <Name>mshack_hacktrackerdefaultcommandlibrary_1bde3</Name>
      <AppVersion>2023-11-09T16:20:13Z</AppVersion>
      <Status>Ready</Status>
      <CreatedByClientVersion>3.23104.18.0</CreatedByClientVersion>
      <MinClientVersion>0.0.0.0</MinClientVersion>
      <Tags>{"primaryDeviceWidth":"640","primaryDeviceHeight":"1136","sienaVersion":"20231109T161839Z-3.23104.18.0","deviceCapabilities":"","supportsPortrait":"true","supportsLandscape":"false","primaryFormFactor":"Phone","publisherVersion":"3.23104.18.0","minimumRequiredApiVersion":"2.2.0","hasComponent":"true","hasUnlockedComponent":"true","isUnifiedRootApp":"false"}</Tags>
      <IsCdsUpgraded>0</IsCdsUpgraded>
      <GalleryItemId xsi:nil="true"></GalleryItemId>
      <BackgroundColor>rgba(0, 176, 240, 1)</BackgroundColor>
      <DisplayName>HackTracker_DefaultCommandLibrary</DisplayName>
      <Description xsi:nil="true"></Description>
      <CommitMessage>Saved by Command designer.</CommitMessage>
      <Publisher xsi:nil="true"></Publisher>
      <AuthorizationReferences>[]</AuthorizationReferences>
      <ConnectionReferences>{}</ConnectionReferences>
      <DatabaseReferences>{"default.cds":{"databaseDetails":{"referenceType":"Environmental","environmentName":"default.cds"},"dataSources":{"Contacts":{"entitySetName":"contacts","logicalName":"contact"},"Accounts":{"entitySetName":"accounts","logicalName":"account"},"Use Cases":{"entitySetName":"mshack_usecases","logicalName":"mshack_usecase"}}}}</DatabaseReferences>
      <AppComponents>[]</AppComponents>
      <AppComponentDependencies>[]</AppComponentDependencies>
      <CanConsumeAppPass>1</CanConsumeAppPass>
      <CanvasAppType>1</CanvasAppType>
      <BypassConsent>0</BypassConsent>
      <AdminControlBypassConsent>0</AdminControlBypassConsent>
      <EmbeddedApp xsi:nil="true"></EmbeddedApp>
      <IntroducedVersion>1.0</IntroducedVersion>
      <CdsDependencies>{"cdsdependencies":[{"logicalname":"contact","componenttype":1},{"logicalname":"account","componenttype":1},{"logicalname":"mshack_usecase","componenttype":1}]}</CdsDependencies>
      <IsCustomizable>1</IsCustomizable>
      <BackgroundImageUri>/CanvasApps/mshack_hacktrackerdefaultcommandlibrary_1bde3_BackgroundImageUri</BackgroundImageUri>
      <DocumentUri>/CanvasApps/mshack_hacktrackerdefaultcommandlibrary_1bde3_DocumentUri.msapp</DocumentUri>
    </CanvasApp>
  </CanvasApps>
  <Languages>
    <Language>1033</Language>
  </Languages>
</ImportExportXml>