<ImportExportXml version="9.2.23101.246" SolutionPackageVersion="9.2" languagecode="1033" generatedBy="CrmLive" xmlns:xsi="http://www.w3.org/2001/XMLSchema-instance">
  <SolutionManifest>
    <UniqueName>Updatetoprimarydev</UniqueName>
    <LocalizedNames>
      <LocalizedName description="Update to primary dev" languagecode="1033" />
    </LocalizedNames>
    <Descriptions />
    <Version>1.0.0.0</Version>
    <Managed>0</Managed>
    <Publisher>
      <UniqueName>MSHack</UniqueName>
      <LocalizedNames>
        <LocalizedName description="MS Hack" languagecode="1033" />
      </LocalizedNames>
      <Descriptions />
      <EMailAddress xsi:nil="true"></EMailAddress>
      <SupportingWebsiteUrl xsi:nil="true"></SupportingWebsiteUrl>
      <CustomizationPrefix>mshack</CustomizationPrefix>
      <CustomizationOptionValuePrefix>80857</CustomizationOptionValuePrefix>
      <Addresses>
        <Address>
          <AddressNumber>1</AddressNumber>
          <AddressTypeCode>1</AddressTypeCode>
          <City xsi:nil="true"></City>
          <County xsi:nil="true"></County>
          <Country xsi:nil="true"></Country>
          <Fax xsi:nil="true"></Fax>
          <FreightTermsCode xsi:nil="true"></FreightTermsCode>
          <ImportSequenceNumber xsi:nil="true"></ImportSequenceNumber>
          <Latitude xsi:nil="true"></Latitude>
          <Line1 xsi:nil="true"></Line1>
          <Line2 xsi:nil="true"></Line2>
          <Line3 xsi:nil="true"></Line3>
          <Longitude xsi:nil="true"></Longitude>
          <Name xsi:nil="true"></Name>
          <PostalCode xsi:nil="true"></PostalCode>
          <PostOfficeBox xsi:nil="true"></PostOfficeBox>
          <PrimaryContactName xsi:nil="true"></PrimaryContactName>
          <ShippingMethodCode>1</ShippingMethodCode>
          <StateOrProvince xsi:nil="true"></StateOrProvince>
          <Telephone1 xsi:nil="true"></Telephone1>
          <Telephone2 xsi:nil="true"></Telephone2>
          <Telephone3 xsi:nil="true"></Telephone3>
          <TimeZoneRuleVersionNumber xsi:nil="true"></TimeZoneRuleVersionNumber>
          <UPSZone xsi:nil="true"></UPSZone>
          <UTCOffset xsi:nil="true"></UTCOffset>
          <UTCConversionTimeZoneCode xsi:nil="true"></UTCConversionTimeZoneCode>
        </Address>
        <Address>
          <AddressNumber>2</AddressNumber>
          <AddressTypeCode>1</AddressTypeCode>
          <City xsi:nil="true"></City>
          <County xsi:nil="true"></County>
          <Country xsi:nil="true"></Country>
          <Fax xsi:nil="true"></Fax>
          <FreightTermsCode xsi:nil="true"></FreightTermsCode>
          <ImportSequenceNumber xsi:nil="true"></ImportSequenceNumber>
          <Latitude xsi:nil="true"></Latitude>
          <Line1 xsi:nil="true"></Line1>
          <Line2 xsi:nil="true"></Line2>
          <Line3 xsi:nil="true"></Line3>
          <Longitude xsi:nil="true"></Longitude>
          <Name xsi:nil="true"></Name>
          <PostalCode xsi:nil="true"></PostalCode>
          <PostOfficeBox xsi:nil="true"></PostOfficeBox>
          <PrimaryContactName xsi:nil="true"></PrimaryContactName>
          <ShippingMethodCode>1</ShippingMethodCode>
          <StateOrProvince xsi:nil="true"></StateOrProvince>
          <Telephone1 xsi:nil="true"></Telephone1>
          <Telephone2 xsi:nil="true"></Telephone2>
          <Telephone3 xsi:nil="true"></Telephone3>
          <TimeZoneRuleVersionNumber xsi:nil="true"></TimeZoneRuleVersionNumber>
          <UPSZone xsi:nil="true"></UPSZone>
          <UTCOffset xsi:nil="true"></UTCOffset>
          <UTCConversionTimeZoneCode xsi:nil="true"></UTCConversionTimeZoneCode>
        </Address>
      </Addresses>
    </Publisher>
    <RootComponents>
      <RootComponent type="1" schemaName="contact" behavior="1" />
      <RootComponent type="1" schemaName="mshack_usecase" behavior="1" />
      <RootComponent type="61" schemaName="mshack_createHackTeam.js" behavior="0" />
      <RootComponent type="80" schemaName="mshack_HackTracker" behavior="0" />
      <RootComponent type="300" schemaName="mshack_accountlookup_256cb" behavior="0" />
      <RootComponent type="300" schemaName="mshack_hacktrackerdefaultcommandlibrary_1bde3" behavior="0" />
      <RootComponent type="300" schemaName="mshack_opportunitylookup_f5faf" behavior="0" />
    </RootComponents>
    <MissingDependencies>
      <MissingDependency>
        <Required type="1" schemaName="mshack_activityattendance" displayName="Activity Attendance" solution="Active" />
        <Dependent type="80" schemaName="mshack_HackTracker" displayName="Hack Tracker" />
      </MissingDependency>
      <MissingDependency>
        <Required type="1" schemaName="mshack_coach" displayName="Coach" solution="Active" />
        <Dependent type="80" schemaName="mshack_HackTracker" displayName="Hack Tracker" />
      </MissingDependency>
      <MissingDependency>
        <Required type="1" schemaName="mshack_hackactivities" displayName="Hack Activities" solution="Active" />
        <Dependent type="80" schemaName="mshack_HackTracker" displayName="Hack Tracker" />
      </MissingDependency>
      <MissingDependency>
        <Required type="1" schemaName="mshack_hackteam" displayName="Hack Team" solution="Active" />
        <Dependent type="300" schemaName="mshack_opportunitylookup_f5faf" displayName="Opportunity Lookup" />
      </MissingDependency>
      <MissingDependency>
        <Required type="1" schemaName="mshack_hackteam" displayName="Hack Team" solution="Active" />
        <Dependent type="80" schemaName="mshack_HackTracker" displayName="Hack Tracker" />
      </MissingDependency>
      <MissingDependency>
        <Required type="1" schemaName="mshack_usecase" displayName="Use Case" solution="Active" />
        <Dependent type="1" schemaName="mshack_usecase" displayName="Use Case" />
      </MissingDependency>
      <MissingDependency>
        <Required type="20" displayName="Hack Admins" solution="Active" id="{27b51010-e85e-ee11-be6f-000d3a314c24}" />
        <Dependent type="80" schemaName="mshack_HackTracker" displayName="Hack Tracker" />
      </MissingDependency>
      <MissingDependency>
        <Required type="26" schemaName="Hack Participants" displayName="Hack Participants" parentSchemaName="contact" parentDisplayName="Contact" solution="Active" id="{7bd1b94d-d85e-ee11-be6f-000d3a3140c3}" />
        <Dependent type="80" schemaName="mshack_HackTracker" displayName="Hack Tracker" />
      </MissingDependency>
      <MissingDependency>
        <Required type="26" schemaName="Unteamed Hack Participants" displayName="Unteamed Hack Participants" parentSchemaName="contact" parentDisplayName="Contact" solution="Active" id="{80eb7357-e77d-ee11-8179-000d3a190bdf}" />
        <Dependent type="80" schemaName="mshack_HackTracker" displayName="Hack Tracker" />
      </MissingDependency>
      <MissingDependency>
        <Required type="26" schemaName="Unattached to Accounts" displayName="Unattached to Accounts" parentSchemaName="contact" parentDisplayName="Contact" solution="Active" id="{e11787b3-e77d-ee11-8179-000d3a190bdf}" />
        <Dependent type="80" schemaName="mshack_HackTracker" displayName="Hack Tracker" />
      </MissingDependency>
      <MissingDependency>
        <Required type="26" schemaName="Companies" displayName="Companies" parentSchemaName="account" parentDisplayName="Account" solution="Active" id="{e88a59cf-da5e-ee11-be6f-000d3a3140c3}" />
        <Dependent type="80" schemaName="mshack_HackTracker" displayName="Hack Tracker" />
      </MissingDependency>
      <MissingDependency>
        <Required type="60" displayName="Company" parentDisplayName="Account" solution="Active" id="{83c78fb7-db5e-ee11-be6f-000d3a314c24}" />
        <Dependent type="80" schemaName="mshack_HackTracker" displayName="Hack Tracker" />
      </MissingDependency>
      <MissingDependency>
        <Required type="60" displayName="Hack Participation" parentDisplayName="Account" solution="Active" id="{dccd6aa0-ca5e-ee11-be6f-000d3a3140c3}" />
        <Dependent type="80" schemaName="mshack_HackTracker" displayName="Hack Tracker" />
      </MissingDependency>
      <MissingDependency>
        <Required type="60" displayName="Hack Participant" parentDisplayName="Contact" solution="Active" id="{df30b480-c95e-ee11-be6f-000d3a3140c3}" />
        <Dependent type="80" schemaName="mshack_HackTracker" displayName="Hack Tracker" />
      </MissingDependency>
      <MissingDependency>
        <Required type="61" schemaName="msdyn_/Images/AppModule_Default_Icon.png" displayName="msdyn_/Images/AppModule_Default_Icon.png" solution="AppModuleWebResources (2.5)" />
        <Dependent type="80" schemaName="mshack_HackTracker" displayName="Hack Tracker" />
      </MissingDependency>
      <MissingDependency>
        <Required type="62" schemaName="mshack_HackTracker" solution="Active" />
        <Dependent type="80" schemaName="mshack_HackTracker" displayName="Hack Tracker" />
      </MissingDependency>
    </MissingDependencies>
  </SolutionManifest>
</ImportExportXml>